{"min": [-0.741144, -0.843356, -0.545116], "max": [0.736608, 0.735778, 0.542011]}