{"min": [-0.560926, -0.681306, -0.546249], "max": [0.545421, 0.712507, 0.61772]}