{"min": [-0.75461, -0.640238, -0.311868], "max": [0.79008, 0.6236, 0.339067]}