{"min": [-0.569871, -0.696801, -0.545661], "max": [0.53049, 0.689471, 0.612011]}